"","U","MUb","SIG2b","MU1","MU2","MU3","MU4","MU5","MU6","MU7","MU8","MU9","MU10","SIG2","ETA1","ETA2","ETA3","ETA4","ETA5","ETA6","ETA7","ETA8","ETA9","ETA10","DEL1","DEL2","DEL3","DEL4","DEL5","DEL6","DEL7","DEL8","DEL9","DEL10"
"Set1",1,0,0.0625,43.6728664844416,NA,NA,NA,NA,NA,NA,NA,NA,NA,3.60669506434351,14.2928032099735,NA,NA,NA,NA,NA,NA,NA,NA,NA,3.40107619776775,NA,NA,NA,NA,NA,NA,NA,NA,NA
"Set2",1,0,0.0625,32.6509848765904,NA,NA,NA,NA,NA,NA,NA,NA,NA,3.38896194193512,7.04100374015979,NA,NA,NA,NA,NA,NA,NA,NA,NA,4.28321848626337,NA,NA,NA,NA,NA,NA,NA,NA,NA
"Set3",1,0,0.0625,20.5884019027417,NA,NA,NA,NA,NA,NA,NA,NA,NA,1.29043817799538,11.9831716013141,NA,NA,NA,NA,NA,NA,NA,NA,NA,4.57778231727746,NA,NA,NA,NA,NA,NA,NA,NA,NA
"Set4",1,0,0.0625,42.4211632620587,NA,NA,NA,NA,NA,NA,NA,NA,NA,3.11065062321723,34.8511574557051,NA,NA,NA,NA,NA,NA,NA,NA,NA,3.9534995294862,NA,NA,NA,NA,NA,NA,NA,NA,NA
"Set5",1,0,0.0625,27.2319070603156,NA,NA,NA,NA,NA,NA,NA,NA,NA,3.51416372507811,27.248406597646,NA,NA,NA,NA,NA,NA,NA,NA,NA,2.78160509242968,NA,NA,NA,NA,NA,NA,NA,NA,NA
"Set6",1,0,0.0625,29.7328230761048,NA,NA,NA,NA,NA,NA,NA,NA,NA,1.29679801594466,30.2080619661137,NA,NA,NA,NA,NA,NA,NA,NA,NA,5.99328706692039,NA,NA,NA,NA,NA,NA,NA,NA,NA
"Set7",1,0,0.0625,79.9828485841592,NA,NA,NA,NA,NA,NA,NA,NA,NA,1.84843357931823,19.2247299849987,NA,NA,NA,NA,NA,NA,NA,NA,NA,3.53371487347694,NA,NA,NA,NA,NA,NA,NA,NA,NA
"Set8",1,0,0.0625,59.046113888614,NA,NA,NA,NA,NA,NA,NA,NA,NA,4.0784759176895,39.4502456963528,NA,NA,NA,NA,NA,NA,NA,NA,NA,3.47346142046688,NA,NA,NA,NA,NA,NA,NA,NA,NA
"Set9",1,0,0.0625,63.4978580955714,NA,NA,NA,NA,NA,NA,NA,NA,NA,1.20457680989057,32.8319415240549,NA,NA,NA,NA,NA,NA,NA,NA,NA,5.56465144220574,NA,NA,NA,NA,NA,NA,NA,NA,NA
"Set10",1,0,0.0625,77.2738477422132,NA,NA,NA,NA,NA,NA,NA,NA,NA,4.8600852349773,15.8819289400708,NA,NA,NA,NA,NA,NA,NA,NA,NA,2.90828838685247,NA,NA,NA,NA,NA,NA,NA,NA,NA
"Set11",1,0,0.0625,80.6382666313407,NA,NA,NA,NA,NA,NA,NA,NA,NA,4.23941365536302,24.9613340338692,NA,NA,NA,NA,NA,NA,NA,NA,NA,6.8275840394941,NA,NA,NA,NA,NA,NA,NA,NA,NA
"Set12",1,0,0.0625,50.5147513481041,NA,NA,NA,NA,NA,NA,NA,NA,NA,1.64069251064211,37.2747711197007,NA,NA,NA,NA,NA,NA,NA,NA,NA,2.34271247841924,NA,NA,NA,NA,NA,NA,NA,NA,NA
"Set13",1,0,0.0625,40.2161540377998,NA,NA,NA,NA,NA,NA,NA,NA,NA,3.06591307837516,28.6156521271914,NA,NA,NA,NA,NA,NA,NA,NA,NA,4.23614403152302,NA,NA,NA,NA,NA,NA,NA,NA,NA
"Set14",1,0,0.0625,41.6550144048255,NA,NA,NA,NA,NA,NA,NA,NA,NA,3.52239098399878,32.1586549817584,NA,NA,NA,NA,NA,NA,NA,NA,NA,3.61510655113488,NA,NA,NA,NA,NA,NA,NA,NA,NA
"Set15",1,0,0.0625,89.7141926796479,NA,NA,NA,NA,NA,NA,NA,NA,NA,3.31091283354908,15.5151511484291,NA,NA,NA,NA,NA,NA,NA,NA,NA,6.18092330360855,NA,NA,NA,NA,NA,NA,NA,NA,NA
"Set16",1,0,0.0625,29.796419559588,NA,NA,NA,NA,NA,NA,NA,NA,NA,3.68309202231467,6.46770881139673,NA,NA,NA,NA,NA,NA,NA,NA,NA,3.01802914567387,NA,NA,NA,NA,NA,NA,NA,NA,NA
"Set17",1,0,0.0625,35.5293022397865,NA,NA,NA,NA,NA,NA,NA,NA,NA,1.44732278119773,33.5824504052289,NA,NA,NA,NA,NA,NA,NA,NA,NA,3.51428245491727,NA,NA,NA,NA,NA,NA,NA,NA,NA
"Set18",1,0,0.0625,29.8613655826934,NA,NA,NA,NA,NA,NA,NA,NA,NA,1.91599365416914,19.0579183644149,NA,NA,NA,NA,NA,NA,NA,NA,NA,2.29384163146651,NA,NA,NA,NA,NA,NA,NA,NA,NA
"Set19",1,0,0.0625,33.5361185401215,NA,NA,NA,NA,NA,NA,NA,NA,NA,2.66081246361136,17.7204265166074,NA,NA,NA,NA,NA,NA,NA,NA,NA,3.69352066941389,NA,NA,NA,NA,NA,NA,NA,NA,NA
"Set20",1,0,0.0625,41.9931033889838,NA,NA,NA,NA,NA,NA,NA,NA,NA,3.09821675438434,35.2281587640755,NA,NA,NA,NA,NA,NA,NA,NA,NA,4.74139476298674,NA,NA,NA,NA,NA,NA,NA,NA,NA
"Set21",2,0,0.0625,21.5285535104124,62.5013781826259,NA,NA,NA,NA,NA,NA,NA,NA,3.26356230676174,7.82780330162495,15.069911160972,NA,NA,NA,NA,NA,NA,NA,NA,4.54591687777865,4.34438303753161,NA,NA,NA,NA,NA,NA,NA,NA
"Set22",2,0,0.0625,20.312950515711,34.4758651286785,NA,NA,NA,NA,NA,NA,NA,NA,3.23822488542646,20.187341516139,36.768179894425,NA,NA,NA,NA,NA,NA,NA,NA,2.9619221860836,5.88320447561252,NA,NA,NA,NA,NA,NA,NA,NA
"Set23",2,0,0.0625,40.5335364438342,50.5535691649406,NA,NA,NA,NA,NA,NA,NA,NA,2.5030801538378,16.0512518929318,24.9069715302903,NA,NA,NA,NA,NA,NA,NA,NA,0.955670733418469,1.93958634086825,NA,NA,NA,NA,NA,NA,NA,NA
"Set24",2,0,0.0625,38.7034456893528,63.3625904411286,NA,NA,NA,NA,NA,NA,NA,NA,2.40499696135521,9.32013105601072,13.5755736334249,NA,NA,NA,NA,NA,NA,NA,NA,3.43153340344025,6.50543474689308,NA,NA,NA,NA,NA,NA,NA,NA
"Set25",2,0,0.0625,41.0507509653289,39.6004691211525,NA,NA,NA,NA,NA,NA,NA,NA,4.96553256455809,20.5059693555813,38.1158901576418,NA,NA,NA,NA,NA,NA,NA,NA,2.37255969000978,4.30660542896421,NA,NA,NA,NA,NA,NA,NA,NA
"Set26",2,0,0.0625,47.5481063948605,49.1310888516119,NA,NA,NA,NA,NA,NA,NA,NA,3.07647512946278,26.4887081214692,38.6108910955954,NA,NA,NA,NA,NA,NA,NA,NA,3.04843107407456,5.19000596922602,NA,NA,NA,NA,NA,NA,NA,NA
"Set27",2,0,0.0625,32.5983911483365,36.3018536169416,NA,NA,NA,NA,NA,NA,NA,NA,2.92186873871833,17.2883390670177,38.0928085779306,NA,NA,NA,NA,NA,NA,NA,NA,1.62025776179428,4.8453560438187,NA,NA,NA,NA,NA,NA,NA,NA
"Set28",2,0,0.0625,45.7216453461186,22.5485270016956,NA,NA,NA,NA,NA,NA,NA,NA,2.89732571039349,34.1082312376238,38.3527389739174,NA,NA,NA,NA,NA,NA,NA,NA,9.40697330319747,2.94575427121779,NA,NA,NA,NA,NA,NA,NA,NA
"Set29",2,0,0.0625,38.8676847005161,50.0582707272943,NA,NA,NA,NA,NA,NA,NA,NA,2.3489991473034,8.53127545909956,26.8148192460649,NA,NA,NA,NA,NA,NA,NA,NA,2.40043521536139,4.97056319890641,NA,NA,NA,NA,NA,NA,NA,NA
"Set30",2,0,0.0625,82.9540546577643,37.1983504080873,NA,NA,NA,NA,NA,NA,NA,NA,3.80682060495019,29.8081296402961,37.8693734528497,NA,NA,NA,NA,NA,NA,NA,NA,4.05322093734378,2.67273166379842,NA,NA,NA,NA,NA,NA,NA,NA
"Set31",2,0,0.0625,25.3536110486201,54.0671733367215,NA,NA,NA,NA,NA,NA,NA,NA,1.03212063200772,17.9310773685575,33.2448071776889,NA,NA,NA,NA,NA,NA,NA,NA,4.11265930967684,3.0473452337716,NA,NA,NA,NA,NA,NA,NA,NA
"Set32",2,0,0.0625,61.5301944397673,23.6784867750215,NA,NA,NA,NA,NA,NA,NA,NA,2.99021732155234,11.5573047788348,36.3155247073155,NA,NA,NA,NA,NA,NA,NA,NA,4.79855721246561,3.66102951911308,NA,NA,NA,NA,NA,NA,NA,NA
"Set33",2,0,0.0625,38.2524683183068,28.5068416147831,NA,NA,NA,NA,NA,NA,NA,NA,4.06255654618144,6.3021963078063,16.8296151515096,NA,NA,NA,NA,NA,NA,NA,NA,4.15997548548408,6.24488805176373,NA,NA,NA,NA,NA,NA,NA,NA
"Set34",2,0,0.0625,35.6487509540593,24.1216837789963,NA,NA,NA,NA,NA,NA,NA,NA,2.98696127068251,21.6594298998825,39.2695792834274,NA,NA,NA,NA,NA,NA,NA,NA,5.7307631497253,4.88785249373324,NA,NA,NA,NA,NA,NA,NA,NA
"Set35",2,0,0.0625,40.4517710505788,44.7110129725209,NA,NA,NA,NA,NA,NA,NA,NA,1.35787926707417,26.9458109256811,27.6299540209584,NA,NA,NA,NA,NA,NA,NA,NA,4.20051315332046,4.40344626925522,NA,NA,NA,NA,NA,NA,NA,NA
"Set36",2,0,0.0625,38.361473521993,39.0720093561073,NA,NA,NA,NA,NA,NA,NA,NA,3.984190762043,12.197026432259,22.2384592331946,NA,NA,NA,NA,NA,NA,NA,NA,3.26454537719503,4.26049840773677,NA,NA,NA,NA,NA,NA,NA,NA
"Set37",2,0,0.0625,20.7190930094747,32.8187995540651,NA,NA,NA,NA,NA,NA,NA,NA,3.02696621604264,15.8726110053249,36.3497221842408,NA,NA,NA,NA,NA,NA,NA,NA,4.15288072825471,2.90351460986826,NA,NA,NA,NA,NA,NA,NA,NA
"Set38",2,0,0.0625,22.0437291448761,84.8950599563523,NA,NA,NA,NA,NA,NA,NA,NA,4.17629907839,8.73975404538214,9.94521383778192,NA,NA,NA,NA,NA,NA,NA,NA,3.25809282996604,4.07663096132442,NA,NA,NA,NA,NA,NA,NA,NA
"Set39",2,0,0.0625,68.6770122371981,21.1590478398408,NA,NA,NA,NA,NA,NA,NA,NA,2.28435014374554,19.0234534267802,36.0134183708578,NA,NA,NA,NA,NA,NA,NA,NA,1.5895577228848,3.85507162509651,NA,NA,NA,NA,NA,NA,NA,NA
"Set40",2,0,0.0625,20.2436170135067,49.2330810843843,NA,NA,NA,NA,NA,NA,NA,NA,2.20778976008296,6.33182082674466,7.22679470549338,NA,NA,NA,NA,NA,NA,NA,NA,4.41477118363451,3.14745746196313,NA,NA,NA,NA,NA,NA,NA,NA
"Set41",3,0,0.0625,21.8668500763519,83.2412381222386,58.2181021307505,NA,NA,NA,NA,NA,NA,NA,3.36914016865194,14.6688230521977,28.5766692459583,33.0115353397559,NA,NA,NA,NA,NA,NA,NA,2.35058139417133,6.32917199785946,2.83401281927351,NA,NA,NA,NA,NA,NA,NA
"Set42",3,0,0.0625,36.9512218584386,52.3024051375821,55.1134095152441,NA,NA,NA,NA,NA,NA,NA,2.63955081440508,6.14077476901002,6.61113235750236,34.4821663515177,NA,NA,NA,NA,NA,NA,NA,2.24844427592268,3.04287073850284,4.37876496423669,NA,NA,NA,NA,NA,NA,NA
"Set43",3,0,0.0625,49.9902751114487,41.8677870409594,56.9678024932764,NA,NA,NA,NA,NA,NA,NA,3.41396745759994,10.4338449554052,10.5324478691909,15.4619039350655,NA,NA,NA,NA,NA,NA,NA,4.71283344591515,2.20575940425179,3.72880261466604,NA,NA,NA,NA,NA,NA,NA
"Set44",3,0,0.0625,45.7180691732759,36.3122805588376,65.3246180812493,NA,NA,NA,NA,NA,NA,NA,3.79387307818979,6.91832330776379,8.16657387185842,34.748587149661,NA,NA,NA,NA,NA,NA,NA,2.67492387505964,2.35279177108864,5.25894215885339,NA,NA,NA,NA,NA,NA,NA
"Set45",3,0,0.0625,60.7386264944089,36.2059148271523,37.6741000301633,NA,NA,NA,NA,NA,NA,NA,1.01833982765675,16.5650398982689,25.7302907528356,35.7563157356344,NA,NA,NA,NA,NA,NA,NA,3.75052252940075,3.84037997703554,1.78561703446953,NA,NA,NA,NA,NA,NA,NA
"Set46",3,0,0.0625,59.4595264107207,32.1977143469664,63.3749379557151,NA,NA,NA,NA,NA,NA,NA,3.33931553550065,10.0436760170851,15.9992501675151,21.9904974207748,NA,NA,NA,NA,NA,NA,NA,3.64375890040102,4.84866755288158,3.7698958095217,NA,NA,NA,NA,NA,NA,NA
"Set47",3,0,0.0625,70.6339220413663,33.4202489912359,21.8012788457069,NA,NA,NA,NA,NA,NA,NA,1.70321478601545,15.1958649046719,22.4103046010714,25.2315319760237,NA,NA,NA,NA,NA,NA,NA,4.48008113473681,4.15827233123814,3.37215810017045,NA,NA,NA,NA,NA,NA,NA
"Set48",3,0,0.0625,28.4348824551845,41.5901686652656,20.717079020705,NA,NA,NA,NA,NA,NA,NA,1.95703255105764,20.7965243654326,25.5437201086897,39.9081508419476,NA,NA,NA,NA,NA,NA,NA,7.5016327901312,4.71564429255317,3.10432856920135,NA,NA,NA,NA,NA,NA,NA
"Set49",3,0,0.0625,43.6335558976541,25.5626903818446,46.3757277044951,NA,NA,NA,NA,NA,NA,NA,2.4234089050442,6.06790529796854,10.2917873242404,18.7034229445271,NA,NA,NA,NA,NA,NA,NA,2.98889833038357,4.79534803011905,5.84991899376796,NA,NA,NA,NA,NA,NA,NA
"Set50",3,0,0.0625,79.192614432755,25.9001237940351,31.0052897388379,NA,NA,NA,NA,NA,NA,NA,1.9649052573368,10.0617972807959,16.7352610663511,39.2606007575523,NA,NA,NA,NA,NA,NA,NA,4.92975773667327,6.7948248284832,5.17526370542933,NA,NA,NA,NA,NA,NA,NA
"Set51",3,0,0.0625,58.6813481645806,40.856530480757,56.6173681998964,NA,NA,NA,NA,NA,NA,NA,3.67023319751024,18.0167369963601,25.3333074296825,29.1231295233592,NA,NA,NA,NA,NA,NA,NA,2.72759940412984,4.14875075807222,3.83942118040646,NA,NA,NA,NA,NA,NA,NA
"Set52",3,0,0.0625,62.2623178235387,54.4309471109013,35.0480103112646,NA,NA,NA,NA,NA,NA,NA,2.46485490910709,19.9016523337923,23.6602963774931,27.5107929529622,NA,NA,NA,NA,NA,NA,NA,5.87901408836054,4.52311998003967,4.08421913451628,NA,NA,NA,NA,NA,NA,NA
"Set53",3,0,0.0625,46.926366131679,51.9189584796934,62.4531968060505,NA,NA,NA,NA,NA,NA,NA,2.15963719598949,5.11758080800064,21.9006930605974,24.4801214407198,NA,NA,NA,NA,NA,NA,NA,5.87303702610342,5.15793511870317,3.54954329885447,NA,NA,NA,NA,NA,NA,NA
"Set54",3,0,0.0625,67.8583422579543,41.7217090656615,76.6189852690962,NA,NA,NA,NA,NA,NA,NA,3.48016167338938,19.0508092602249,25.701137437718,26.9827393768355,NA,NA,NA,NA,NA,NA,NA,2.28090202987296,3.50740991316232,3.20016311255246,NA,NA,NA,NA,NA,NA,NA
"Set55",3,0,0.0625,28.6485464606418,72.0107097406541,34.330720155176,NA,NA,NA,NA,NA,NA,NA,3.92983276117593,6.59028574242257,7.0678715989925,23.7817290564999,NA,NA,NA,NA,NA,NA,NA,4.14223577912716,4.52431129144379,2.19181269758239,NA,NA,NA,NA,NA,NA,NA
"Set56",3,0,0.0625,29.1407926266749,45.3248486455199,53.3046356827886,NA,NA,NA,NA,NA,NA,NA,2.18418048415333,14.8787032952532,19.6887173131108,37.31923494488,NA,NA,NA,NA,NA,NA,NA,2.84021657627729,3.17669862842484,3.51203389199676,NA,NA,NA,NA,NA,NA,NA
"Set57",3,0,0.0625,82.1225539155825,38.4961016029043,54.6943497294295,NA,NA,NA,NA,NA,NA,NA,2.79708787612617,22.4319885089062,24.1460031678434,27.2388533584308,NA,NA,NA,NA,NA,NA,NA,2.2155272392193,2.03181617251607,5.7241566556542,NA,NA,NA,NA,NA,NA,NA
"Set58",3,0,0.0625,33.7066580068457,21.2986054862777,57.5126091501284,NA,NA,NA,NA,NA,NA,NA,1.3134424649179,7.47638763627037,9.80739744845778,32.3031190340407,NA,NA,NA,NA,NA,NA,NA,2.83303038967061,4.44767960504099,3.90858392872228,NA,NA,NA,NA,NA,NA,NA
"Set59",3,0,0.0625,33.7743664115958,27.4696215183598,46.7554509857414,NA,NA,NA,NA,NA,NA,NA,4.10534562449902,10.7054562401026,23.3377516455948,24.4483576191124,NA,NA,NA,NA,NA,NA,NA,3.16719387416518,4.89181585122358,6.13790222934137,NA,NA,NA,NA,NA,NA,NA
"Set60",3,0,0.0625,29.6231425642095,43.8787648811317,67.8660525194337,NA,NA,NA,NA,NA,NA,NA,2.12853401526809,5.18805355532095,14.0343584958464,27.7154319162946,NA,NA,NA,NA,NA,NA,NA,3.5863722400209,2.826149267962,4.54039947568837,NA,NA,NA,NA,NA,NA,NA
"Set61",4,0,0.0625,39.7980004819316,58.3642843411673,44.5413850876604,28.0110122603854,NA,NA,NA,NA,NA,NA,3.1246976358816,5.8966275700368,6.81912129861303,9.70738677424379,24.4786898279563,NA,NA,NA,NA,NA,NA,5.52401937090949,2.35434007478071,6.24041833079123,3.95594397403824,NA,NA,NA,NA,NA,NA
"Set62",4,0,0.0625,38.0221213212897,62.8548224229568,45.7420250565545,35.1135903524836,NA,NA,NA,NA,NA,NA,1.69810455851257,7.63400450348854,8.25065096607432,16.2312735675368,16.6806316399015,NA,NA,NA,NA,NA,NA,4.67189041102184,1.72649692804346,7.08045506869466,2.79068127610633,NA,NA,NA,NA,NA,NA
"Set63",4,0,0.0625,61.7422825613249,23.4120440308582,28.8456859164884,38.7310528267289,NA,NA,NA,NA,NA,NA,4.43810997344553,6.64247476612218,8.33711963379756,23.5865719220601,34.5958295091987,NA,NA,NA,NA,NA,NA,3.65728643010561,3.74840149402418,6.40518131460423,4.43892129607431,NA,NA,NA,NA,NA,NA
"Set64",4,0,0.0625,35.0229916708404,41.1135176549964,20.9896732567858,54.8116532403283,NA,NA,NA,NA,NA,NA,3.13511915784329,23.5675102879759,27.200398145942,31.5840026538353,31.9842802069616,NA,NA,NA,NA,NA,NA,2.62530640448693,2.39560926566485,1.61096548524749,3.5569116673923,NA,NA,NA,NA,NA,NA
"Set65",4,0,0.0625,37.0998667392651,67.6806601986659,50.1258476299424,82.6809928037872,NA,NA,NA,NA,NA,NA,3.45231657661498,6.5167417563498,20.8211750164628,28.8107739924453,39.7998332395218,NA,NA,NA,NA,NA,NA,6.22001381203802,4.02177119088704,3.43366610790601,6.40904043948385,NA,NA,NA,NA,NA,NA
"Set66",4,0,0.0625,64.3536196643368,45.6942947883444,23.1000316060386,68.0730080855729,NA,NA,NA,NA,NA,NA,2.23837157990783,17.54396991455,19.0273854439147,22.8720885014627,31.8187191756442,NA,NA,NA,NA,NA,NA,4.77176268192423,5.5816511636255,5.42212310253312,2.54632518634299,NA,NA,NA,NA,NA,NA
"Set67",4,0,0.0625,51.6531224066804,57.7108763793285,28.3381638102805,65.6873265917754,NA,NA,NA,NA,NA,NA,4.53079188708216,9.75806493544951,14.9053428985644,17.1710558631457,18.6710575176403,NA,NA,NA,NA,NA,NA,3.24129732666293,5.10155753725317,4.11166631076732,3.41863052806951,NA,NA,NA,NA,NA,NA
"Set68",4,0,0.0625,72.9340660602314,76.7515593519152,57.1441357585536,46.5092509854054,NA,NA,NA,NA,NA,NA,4.53106229752302,21.3813643134199,27.4776772409678,29.6559739718214,34.1482532396913,NA,NA,NA,NA,NA,NA,2.57116040131033,6.47646838309535,8.95067853300029,3.32389432595441,NA,NA,NA,NA,NA,NA
"Set69",4,0,0.0625,32.7695390638016,49.1530263130749,24.906041485816,61.264618769918,NA,NA,NA,NA,NA,NA,3.91659317072481,7.58052459335886,11.2626860465389,11.6703701938968,37.5713000597898,NA,NA,NA,NA,NA,NA,2.52032877149881,2.30760277301396,6.87556843181311,6.1845622645594,NA,NA,NA,NA,NA,NA
"Set70",4,0,0.0625,54.4223893660409,59.2576315899214,75.5567936571578,58.4080376867537,NA,NA,NA,NA,NA,NA,3.76310741808265,17.4829353252426,22.3433080932591,30.4181638802402,33.562999375863,NA,NA,NA,NA,NA,NA,6.27852988762104,3.60994898709899,4.02704718146724,1.39574661026339,NA,NA,NA,NA,NA,NA
"Set71",4,0,0.0625,71.4891033404308,41.935007123563,45.339650752906,83.4740301154219,NA,NA,NA,NA,NA,NA,2.52581088896841,17.3545526526868,23.3857321704272,32.1120878646616,33.4560899168719,NA,NA,NA,NA,NA,NA,6.36427570252081,7.5087458495275,4.2975092928766,5.14054563684166,NA,NA,NA,NA,NA,NA
"Set72",4,0,0.0625,25.750114332718,49.7571186918806,46.5918454996837,72.1645459277924,NA,NA,NA,NA,NA,NA,4.67854983732104,6.5321918274276,7.67869866220281,29.2857083934359,30.026663383469,NA,NA,NA,NA,NA,NA,2.27481201205622,6.62895394425164,2.30774047039321,4.87931952736586,NA,NA,NA,NA,NA,NA
"Set73",4,0,0.0625,41.158841061967,32.6794958760537,34.7656308480052,27.9012865450811,NA,NA,NA,NA,NA,NA,1.96745878830552,15.5676867521834,31.0273513745051,39.0282479149755,39.8762006592005,NA,NA,NA,NA,NA,NA,5.00242051073706,2.60218082319169,4.45222685986451,4.15900738610206,NA,NA,NA,NA,NA,NA
"Set74",4,0,0.0625,24.2013566109374,35.0702631659137,30.5699150301795,74.6717570065972,NA,NA,NA,NA,NA,NA,1.15982187353075,7.05544840311632,28.2769393012859,35.9404759982135,36.9466262799688,NA,NA,NA,NA,NA,NA,6.69521629222125,5.29250539267806,5.0122864145137,6.48897703264271,NA,NA,NA,NA,NA,NA
"Set75",4,0,0.0625,27.193368296426,42.5604654406154,38.0549328885313,85.8809236427048,NA,NA,NA,NA,NA,NA,1.05723574198782,11.2485873198602,12.4648842215538,33.7615101062693,37.7440746012144,NA,NA,NA,NA,NA,NA,3.04467250360112,2.88392986502763,4.47993153244697,4.55383457796467,NA,NA,NA,NA,NA,NA
"Set76",4,0,0.0625,33.5495613595681,24.2489278623941,25.8586598380464,65.8302382402019,NA,NA,NA,NA,NA,NA,1.01221481524408,6.0582726134453,14.680287061492,28.3233253867365,36.2338591029402,NA,NA,NA,NA,NA,NA,2.2601479581785,2.45188685143811,3.54847215545883,2.20828117366614,NA,NA,NA,NA,NA,NA
"Set77",4,0,0.0625,27.6310092658884,65.925574365616,61.2139720687306,72.9390773008681,NA,NA,NA,NA,NA,NA,4.97024926543236,5.64523347420618,10.7622650137637,14.3815346958581,30.3939652175177,NA,NA,NA,NA,NA,NA,2.28512598790868,2.85240335015941,5.43720705200451,5.44705502852129,NA,NA,NA,NA,NA,NA
"Set78",4,0,0.0625,56.1905324521185,38.3190386893818,56.1368036235733,20.9800474443505,NA,NA,NA,NA,NA,NA,2.42958386149257,14.0482618159149,20.6242312875111,31.3960962055717,34.029535073787,NA,NA,NA,NA,NA,NA,5.07762058356771,1.41549284245056,5.62619332547827,5.421966827406,NA,NA,NA,NA,NA,NA
"Set79",4,0,0.0625,65.1887556003107,25.911747574868,29.7693717877133,34.1936371789684,NA,NA,NA,NA,NA,NA,2.65605680085719,23.0355824634898,30.4022495972458,33.32858373411,39.9307628232054,NA,NA,NA,NA,NA,NA,3.9012485350773,3.63406641881299,4.24392494692224,4.07000605204696,NA,NA,NA,NA,NA,NA
"Set80",4,0,0.0625,64.602860360689,34.9567414034002,26.0343228308279,29.0054807663255,NA,NA,NA,NA,NA,NA,3.13193168863654,5.65361525164917,27.9897215159144,29.4399846706074,33.4096676902846,NA,NA,NA,NA,NA,NA,2.66119452052968,4.94075220074023,4.46241968216831,5.21936192111203,NA,NA,NA,NA,NA,NA
"Set81",5,0,0.0625,30.0727706021425,30.4683548992336,36.2607591052511,47.0352948603737,27.7231284399922,NA,NA,NA,NA,NA,3.03877379745245,5.92601011856459,11.9311744719744,14.2646503157448,35.0529507303145,36.1651573854033,NA,NA,NA,NA,NA,2.69130801943023,3.89929565624768,4.11172787600536,3.68735902385909,5.15484917110719,NA,NA,NA,NA,NA
"Set82",5,0,0.0625,26.5299468109784,39.8793771641662,53.9645414571365,59.135394182825,48.664276612811,NA,NA,NA,NA,NA,3.23603919055313,7.7182215906214,19.0710491279606,20.7062280538958,20.7722806464881,29.6247660066001,NA,NA,NA,NA,NA,4.74700703644153,2.4677406698639,5.71709458874895,3.86269771880505,3.77656964868599,NA,NA,NA,NA,NA
"Set83",5,0,0.0625,46.8863454144848,21.259657515006,29.5397407120362,40.1206449322435,44.7209500744368,NA,NA,NA,NA,NA,3.90591805335134,5.70712371612899,14.8875247314572,17.0672315126285,19.1850112588145,37.7994601638056,NA,NA,NA,NA,NA,2.84229725166733,3.18312872458458,3.08393467524327,3.56406053434276,4.76180910185771,NA,NA,NA,NA,NA
"Set84",5,0,0.0625,55.1345013587585,60.3051459508254,59.6521396353821,30.1277890782568,60.3324324236594,NA,NA,NA,NA,NA,4.31373055558652,16.8948623794131,20.1187142077833,25.753524817992,29.0575777646154,39.5327322056983,NA,NA,NA,NA,NA,2.15152369375846,3.4187134603377,5.91541571973246,3.60639779701643,4.90227817757488,NA,NA,NA,NA,NA
"Set85",5,0,0.0625,22.465387284636,34.9101077559572,30.143578437617,37.8708521208962,59.3935796423054,NA,NA,NA,NA,NA,4.60915122646838,15.5934385710862,22.3939575534314,22.6049267651979,30.5298794992268,31.844841549173,NA,NA,NA,NA,NA,6.22914897514161,2.09391930419032,5.35987556864355,1.22058027387839,3.49173450883491,NA,NA,NA,NA,NA
"Set86",5,0,0.0625,37.0411735797218,22.4868645645236,28.2023191733458,80.719485344808,61.0572760632103,NA,NA,NA,NA,NA,1.99538985732943,6.45604457939044,14.3145243998151,26.9510905956849,27.0773187512532,34.8153711948544,NA,NA,NA,NA,NA,3.51915598365464,2.55308961396325,2.88857740731216,5.13285128391604,2.8299846761091,NA,NA,NA,NA,NA
"Set87",5,0,0.0625,38.4806068814666,71.1593234200473,24.6226130013024,36.5789235619926,76.1608509282914,NA,NA,NA,NA,NA,2.29848668258637,12.0551868702751,12.1024781791493,18.436233428074,18.8515111990273,33.0152100988198,NA,NA,NA,NA,NA,4.08461920483252,2.33472972386066,4.49395337219074,3.60456814151739,1.70996258592362,NA,NA,NA,NA,NA
"Set88",5,0,0.0625,58.9881001373554,44.4531684977776,60.1700767484904,29.7313240142231,78.7544367692346,NA,NA,NA,NA,NA,1.1883221231401,5.27462342637591,19.4771375239361,23.1263302010484,25.2566384454258,35.3384207189083,NA,NA,NA,NA,NA,2.69089780767589,3.6275786215161,2.4544366880984,3.57244517864136,4.13407510428985,NA,NA,NA,NA,NA
"Set89",5,0,0.0625,21.8543466758127,47.7265862429172,41.6021889165922,53.413527838807,59.3995813193367,NA,NA,NA,NA,NA,3.00645218230784,7.70685356925242,9.77585424669087,14.5159084524494,31.0293843806721,31.2598573300056,NA,NA,NA,NA,NA,1.36930461108665,5.05012645267917,4.92280275329296,2.58474031599528,7.71443484996687,NA,NA,NA,NA,NA
"Set90",5,0,0.0625,41.9942523109992,53.4049935888479,40.5438954733537,46.6580127581529,50.5480869798359,NA,NA,NA,NA,NA,1.1493044225499,5.46002544462681,17.1900755784009,27.5651148415636,35.4111417301465,38.4656792681199,NA,NA,NA,NA,NA,2.11826799386398,4.49658952228641,2.67522216044144,3.4915481892343,4.9474860640269,NA,NA,NA,NA,NA
"Set91",5,0,0.0625,61.4886366500196,34.9526792455251,39.9739087591601,63.5669944746484,20.3827161405379,NA,NA,NA,NA,NA,1.16276338603348,7.5811752397567,12.3165633517783,20.359963751398,27.4317982478533,30.0083947600797,NA,NA,NA,NA,NA,5.38985380436831,1.96008964613631,3.98685398949233,2.91725907018035,1.76898709323991,NA,NA,NA,NA,NA
"Set92",5,0,0.0625,40.6491553990949,34.4958388045572,90.2367513107654,64.7681287107326,33.3064489470143,NA,NA,NA,NA,NA,3.03095506690443,6.33151291403919,14.2387542827055,15.3079849621281,17.0899816695601,39.6754532202613,NA,NA,NA,NA,NA,4.37663685925318,6.17500493840424,3.02375955420844,3.78147903473062,3.69804939254757,NA,NA,NA,NA,NA
"Set93",5,0,0.0625,42.3119701213671,72.0686402020117,50.053485164475,64.224794055933,24.9506663647675,NA,NA,NA,NA,NA,2.40599764790386,10.8287689834833,23.1287837564014,27.2632395476103,29.0916970756371,38.8568005233537,NA,NA,NA,NA,NA,5.72004463789224,5.80882764928419,5.94364994665049,5.27940653536677,4.32443476698436,NA,NA,NA,NA,NA
"Set94",5,0,0.0625,77.4365368685867,33.7981857090453,39.2919628509337,25.8099342466485,40.6868945819062,NA,NA,NA,NA,NA,2.46620308980346,15.6020014209207,20.516298036091,24.0394422854297,25.1439662964549,37.0698235102464,NA,NA,NA,NA,NA,4.1042509727683,3.57305225719934,2.57701282889821,4.61003948770238,3.04023331886352,NA,NA,NA,NA,NA
"Set95",5,0,0.0625,23.042785382395,39.5301285319694,87.8505427627584,77.2102404229633,37.3172278313446,NA,NA,NA,NA,NA,3.08561875578016,5.73267180006951,7.39058096660301,16.9391643069685,21.7011689115316,39.1847264382523,NA,NA,NA,NA,NA,4.11276216626296,3.83316950210861,2.30991151556802,1.22746450025068,3.48012244009927,NA,NA,NA,NA,NA
"Set96",5,0,0.0625,56.2935743169114,52.8139513750483,34.8668625197644,52.2146527011164,42.9779175789163,NA,NA,NA,NA,NA,1.80423335172236,5.10722334496677,16.2126347562298,26.6478077042848,26.8404892808758,29.8618108814117,NA,NA,NA,NA,NA,1.61565426030571,4.76893803438337,1.7901499101904,4.09750661993764,7.21035706665185,NA,NA,NA,NA,NA
"Set97",5,0,0.0625,38.1546628018677,24.0751477516606,48.3237750572083,39.5222352077223,52.980945765671,NA,NA,NA,NA,NA,1.26127742882818,11.0552855907008,15.4427111090627,24.6835927071515,34.2738782335073,35.8829732576851,NA,NA,NA,NA,NA,3.75324942923029,2.45924808854161,2.73384470361152,3.66736281298859,2.28711436120416,NA,NA,NA,NA,NA
"Set98",5,0,0.0625,27.6893696221337,30.1883383673139,41.2103031939287,53.0941575816983,88.4362465397101,NA,NA,NA,NA,NA,4.35432328656316,6.93762138718739,9.79844364686869,14.63762559928,22.6971996994689,38.0580723821186,NA,NA,NA,NA,NA,5.48374550372725,5.00710108765261,3.95713877230297,2.81609105765992,5.17203896066078,NA,NA,NA,NA,NA
"Set99",5,0,0.0625,38.7211327439548,26.4747849416618,66.9321233924583,49.5047365708779,68.5688407290001,NA,NA,NA,NA,NA,3.28918020706624,5.25347637943923,16.5902689623181,20.088881382253,31.4053516858257,39.538290288765,NA,NA,NA,NA,NA,4.43189249410424,3.39945046667561,4.44124446798568,3.08941622607405,1.90381858325495,NA,NA,NA,NA,NA
"Set100",5,0,0.0625,31.4639434547039,29.4603947305082,72.7322625031358,64.2020080308365,36.7572426933537,NA,NA,NA,NA,NA,4.22831146791577,6.25773740466684,20.6489627121482,21.875330270268,26.4692733250558,26.7186767491512,NA,NA,NA,NA,NA,3.12584238362431,2.3045876110374,6.71639552415819,5.42313036844262,4.61939190611616,NA,NA,NA,NA,NA
"Set101",6,0,0.0625,21.3789804658778,23.6144341828291,23.7419963670158,40.9407877025004,23.1027926419921,28.2276932603712,NA,NA,NA,NA,2.58703170903027,10.6503125501331,14.5741974236444,19.2821496212855,31.1486284714192,31.2154644017573,37.1170467336196,NA,NA,NA,NA,4.93674098153791,2.81526563938469,2.83412834899806,1.41989110441891,3.6494952203742,4.06089135863685,NA,NA,NA,NA
"Set102",6,0,0.0625,25.9330126351853,103.78172526958,51.5943971635921,23.528500469146,42.8113943561459,48.8553670854846,NA,NA,NA,NA,4.84900225047022,5.63411686802283,21.499529540306,24.5436348149087,32.2383924014866,34.5672693569213,39.2937961430289,NA,NA,NA,NA,2.72241846498838,3.3397092352257,2.56563122920303,3.95017743865464,3.29834291577978,5.72490986011267,NA,NA,NA,NA
"Set103",6,0,0.0625,44.9652255856366,53.2830845989083,29.8430004237292,37.8022384916058,83.5585673361709,87.7214471678049,NA,NA,NA,NA,3.85970031935722,20.8511123049539,24.6974944463,31.9048990646843,33.1488469836768,33.2124040287454,37.3147042805795,NA,NA,NA,NA,5.45572879227189,1.84395016108106,4.69375990165076,5.58356102850412,3.52307829783342,3.61921480097749,NA,NA,NA,NA
"Set104",6,0,0.0625,35.7645318193887,20.2558034263371,40.1943796437553,57.188481878056,21.1793584744946,58.784296424347,NA,NA,NA,NA,2.01092007942498,9.89112806040794,18.9185793371871,21.0367098846473,25.3533162467647,30.196177570615,31.9760276086163,NA,NA,NA,NA,4.4829375451681,6.55778903047928,2.57080185155568,3.20973781554461,3.91080078582997,3.95079663093547,NA,NA,NA,NA
"Set105",6,0,0.0625,63.0529190558834,47.2921307879001,24.9467804943346,46.7082502758244,40.9950607961737,31.626373001167,NA,NA,NA,NA,4.94202562235296,7.86785218748264,9.35206770314835,9.51080780592747,32.7155462349765,33.1143115891609,39.9750569765456,NA,NA,NA,NA,4.54474210465986,4.99919647892783,4.21110423303944,1.86448430950064,6.59867460858356,4.87168900002871,NA,NA,NA,NA
"Set106",6,0,0.0625,70.9111722372648,26.9063287538967,77.6977856006775,49.3523080877148,31.8736423640224,35.3691330325755,NA,NA,NA,NA,3.50533158052713,17.5296685774811,22.6139157626312,27.7406102686655,30.6396626960486,32.4357986391988,34.8368816089351,NA,NA,NA,NA,3.80773425938967,3.00833706498019,6.84293130689918,6.74103421080093,4.40046464522361,3.13010591727214,NA,NA,NA,NA
"Set107",6,0,0.0625,26.6653613454071,47.7450730500073,53.0839246783412,47.5204244655945,26.883210327662,35.0542219217514,NA,NA,NA,NA,1.76275819819421,9.11544038681313,17.217262359336,17.3007937183138,25.7626538490877,30.2983980451245,38.6374073056504,NA,NA,NA,NA,1.85665125970132,2.46955441145842,2.76818685815084,3.14355049325315,3.57962914525968,4.7700721828649,NA,NA,NA,NA
"Set108",6,0,0.0625,52.6169828715094,32.9310413523873,23.8007495560992,43.043706025285,22.3213235085843,27.2223765183623,NA,NA,NA,NA,4.67873795051128,10.9904925513547,13.0218488082755,19.2531796928961,20.8361097727902,31.4903614821378,32.7095198410098,NA,NA,NA,NA,4.24164045022412,2.57944393941753,4.17788352409073,4.97505286624385,5.23235691647514,2.9336641729938,NA,NA,NA,NA
"Set109",6,0,0.0625,39.6482856859416,38.0444282529429,25.8941075767463,48.6564051572082,30.580352644903,38.8666092805561,NA,NA,NA,NA,1.26772701460868,9.29615835892037,15.0090014806483,16.3095468841493,17.4559571198188,25.3546670777723,29.0949565987103,NA,NA,NA,NA,4.20018102442109,5.04736528129191,3.71563590416342,1.66440422853976,4.84204051452605,1.88119351277314,NA,NA,NA,NA
"Set110",6,0,0.0625,32.2152640403121,41.062152973587,62.8720988853443,43.5753748534813,38.3887438989698,58.0658931966612,NA,NA,NA,NA,1.67203417792916,5.17779352259822,7.40341317257844,12.4597753479611,12.5253678357694,19.6251403435599,34.4565919949673,NA,NA,NA,NA,3.76894138289253,3.31463417097638,2.05906858582951,3.88727777467599,4.64746662183608,2.8401867689712,NA,NA,NA,NA
"Set111",6,0,0.0625,49.348529854128,25.0297943221376,31.2107850380071,41.3379432579013,23.7368653868015,49.8370361284751,NA,NA,NA,NA,3.97929017152637,6.64528265129775,8.13760016229935,10.5464242701419,13.2005393807776,21.601055705687,38.6227345175575,NA,NA,NA,NA,1.35705153621524,4.61491272432432,4.50703901548686,4.79237707072376,4.48200506760209,2.70882540415898,NA,NA,NA,NA
"Set112",6,0,0.0625,64.2198380097076,39.7110739656078,48.4249966789705,24.4847052261516,26.2985935912387,58.4186726289117,NA,NA,NA,NA,3.86395867355168,10.422509717755,12.5121826119721,12.8230642934795,22.6756139309146,31.0158868681174,34.6055436844472,NA,NA,NA,NA,6.52073614895432,5.1992068349177,6.12653996234066,3.87418804984045,4.71535382351527,2.62160767346841,NA,NA,NA,NA
"Set113",6,0,0.0625,50.8384594701368,23.5305441627985,37.5779333640283,58.7031003174159,53.7352258382592,68.335807660132,NA,NA,NA,NA,3.46728499513119,11.8248048482928,14.07332019764,14.1976044001058,36.3386301719584,38.0952947866172,38.9671424939297,NA,NA,NA,NA,6.70850074306695,3.56193247974156,4.61492284765208,4.28808991854584,2.15172905674813,3.95993938901357,NA,NA,NA,NA
"Set114",6,0,0.0625,43.6871993254472,28.732938338127,39.1935826838181,37.3448641246718,40.3533134026317,31.3594313713211,NA,NA,NA,NA,3.55272227711976,6.47159807034768,15.9397652384359,19.8517333972268,25.0153542601038,29.5572570688091,30.9234935475979,NA,NA,NA,NA,4.49854222663925,3.90331474413617,3.26452248949082,3.75623697456072,2.45282483822338,2.78279853660252,NA,NA,NA,NA
"Set115",6,0,0.0625,32.6138492747023,55.6505384492595,22.2595800260537,33.8781483758305,54.8739962340466,21.8582876074471,NA,NA,NA,NA,3.09615508466959,10.211678763153,13.2205498358235,18.8589910126757,22.0141385158058,27.3492920584977,35.8420620451216,NA,NA,NA,NA,3.35597456748846,1.45013466159522,2.80246407707141,3.25490311812445,3.4258146800689,2.36022381833385,NA,NA,NA,NA
"Set116",6,0,0.0625,26.9032099310161,35.2906347766199,26.4606831452874,65.4192835171973,55.5366863866812,45.8834793883832,NA,NA,NA,NA,1.15916359052062,5.80498141353019,11.9847649976145,12.7969733101781,21.9735887146089,23.1434689718299,36.5809164976235,NA,NA,NA,NA,2.80999371335163,4.46164017818077,5.28450996246174,5.57307020721835,3.58497702861523,5.2031349303925,NA,NA,NA,NA
"Set117",6,0,0.0625,26.5638434977069,34.3114283768561,70.8624306129983,51.9427643503246,30.7095593454436,24.3673547165182,NA,NA,NA,NA,2.42083053383976,7.50071100424975,16.9312063872349,17.3215215525124,27.4158994236495,37.9507698200177,39.0966727107298,NA,NA,NA,NA,3.22840263256622,3.43679228470879,3.59387158610019,4.95929442945932,6.25537046501598,4.2975506979509,NA,NA,NA,NA
"Set118",6,0,0.0625,30.5946261268752,48.8017397867364,31.5424429377049,34.1833861698777,66.8975136959492,33.5139396609806,NA,NA,NA,NA,2.32285781297833,15.9960161265917,17.2547638125252,18.2854156743269,21.1754466546699,29.893133463338,33.3069145597983,NA,NA,NA,NA,3.87109273213689,3.60281467922457,4.11880003737662,1.87262078301213,5.09549036944875,4.78898952913514,NA,NA,NA,NA
"Set119",6,0,0.0625,57.9347008586881,63.4625964746464,35.6320993715098,54.2329073406151,36.0960839582054,48.2706807438394,NA,NA,NA,NA,1.73699437547475,7.73494840948842,12.2197532095015,26.0796352254692,26.1033208796289,31.9831475347746,33.0765249917749,NA,NA,NA,NA,3.20993452996633,1.79946256965026,3.28195061710473,2.76325370742895,2.37632231012195,3.230720933268,NA,NA,NA,NA
"Set120",6,0,0.0625,40.9852838151572,54.5031275529236,46.7863930976219,59.4526389559817,43.7227988968334,58.387168695076,NA,NA,NA,NA,2.17283298727125,13.1955037999433,18.946684616385,24.7330256656278,28.0976752296556,35.1181989198085,39.671482356498,NA,NA,NA,NA,8.08193055959132,4.5132240514427,8.12842186735727,6.45013179379771,5.48045114165069,5.88728581382667,NA,NA,NA,NA
"Set121",7,0,0.0625,49.5357258687392,46.3270358788662,52.5261263911125,36.4147274870598,33.0366923225812,54.0175857790239,78.4069893680167,NA,NA,NA,3.70896547101438,7.01421183068305,9.75900611258112,10.5357076285873,11.6234155232087,15.9687068895437,22.861707006814,33.6923184990883,NA,NA,NA,2.67016035576826,3.24838800679724,3.78409282120963,5.11524331114372,5.84341563901775,3.54002552015366,4.52668577015692,NA,NA,NA
"Set122",7,0,0.0625,42.0490699014861,82.3571895727552,46.4334988443571,22.1765011152607,35.2993599264115,47.1534382517476,31.5708489330288,NA,NA,NA,1.20821720082313,7.12970627238974,19.9260649830103,23.1404110160656,24.9636009347159,33.5659610910807,35.3743291669525,38.9636442193296,NA,NA,NA,5.31532034597933,8.07616715737502,4.54620693211806,3.47907104241819,4.92797745082812,3.53431226005348,3.64837460375611,NA,NA,NA
"Set123",7,0,0.0625,29.4652598174694,57.5122084676605,43.3830649260609,34.055739386177,58.7658091716651,22.8001581292728,48.9950167447782,NA,NA,NA,3.34710059408098,13.9482661522925,14.1660593322013,21.7667160416022,24.8046004201751,26.0504542849958,27.3535793507472,28.7201749591623,NA,NA,NA,4.01009553224691,4.92542574139366,3.27980018451724,4.49450475328141,2.71679479364972,2.99454773210555,1.72924919523557,NA,NA,NA
"Set124",7,0,0.0625,45.777140433658,24.4403758270157,54.7228318165363,35.6549552345819,44.8800490212694,49.6452499188805,27.4314579362141,NA,NA,NA,2.0563411898911,6.98772313189693,11.6147970070597,16.8465030612424,18.8858214265201,24.452107300749,28.6867648456246,33.9247542747762,NA,NA,NA,5.43271855268023,2.93505179360065,4.81127123541108,2.87976873231925,6.64723351561158,7.12948501079835,3.16184360278193,NA,NA,NA
"Set125",7,0,0.0625,22.8508204325247,46.1577006165832,65.9160458909203,28.4349217278713,70.0896090841951,80.6659388255033,34.8640257627207,NA,NA,NA,3.4895346686244,13.5015497647692,13.719589576358,15.5374462367035,16.5837123407982,21.5481745731086,23.6536728276405,26.8311643705238,NA,NA,NA,2.94077807246435,4.87643757158575,6.21392056709132,2.62666150513943,3.04000673666659,4.44675675118073,1.90421886947427,NA,NA,NA
"Set126",7,0,0.0625,43.2350331163251,35.8917276964498,29.6227635484069,41.4159912246695,35.175821301625,42.6352125101391,58.8327491146053,NA,NA,NA,2.18283513840288,7.22721982630901,12.5197190861218,15.6016363017261,19.273092399817,21.9321837660391,28.1637030735146,29.2591596522834,NA,NA,NA,4.24825500135497,3.52090484263247,3.28880966549981,5.71437852065341,9.52977037067457,2.91831280991067,5.15273250666595,NA,NA,NA
"Set127",7,0,0.0625,48.8597764373215,29.1381263744539,57.5462386044862,34.3279008851347,23.6444824791103,52.7319203214809,33.9557387971741,NA,NA,NA,3.16627748403698,7.54688166896813,11.7008242802694,11.8457063066307,13.9788132684771,19.5409941778053,38.8420810981188,39.6423317387234,NA,NA,NA,3.16342412961745,3.75704360498601,6.74822711131103,4.3117696805233,3.56420771804759,4.82071269773755,5.88542779674248,NA,NA,NA
"Set128",7,0,0.0625,58.5115169756924,80.6248526526584,48.9316980839227,38.7020286773478,23.9443253588901,40.3200034470771,80.97506876687,NA,NA,NA,3.82768561318517,6.87626042752527,13.8477776898071,22.1409836458042,22.421334827086,32.438229075633,34.8094086162746,35.2082565694582,NA,NA,NA,5.43785338865945,1.9035916986075,2.69676668812325,3.55881318736391,4.15947958353765,2.98017213898037,4.14193031621314,NA,NA,NA
"Set129",7,0,0.0625,20.5022994181424,41.2473517517825,67.7389607507203,40.0374373731967,24.6326775613287,71.3079197987201,39.2973513368227,NA,NA,NA,3.10520381573588,12.0981983433012,15.5062689364422,24.2773007717915,30.8039992395788,33.5512736672536,34.1582348837983,39.0773282630835,NA,NA,NA,2.8200555789694,3.6498622138868,4.26645387067938,3.09429781553667,2.4232246614536,3.68339665171784,3.04899680959284,NA,NA,NA
"Set130",7,0,0.0625,38.7007378188596,75.3378103029561,38.0692254172789,36.8124038809269,46.6497663752781,33.1702444004593,20.9379736517529,NA,NA,NA,4.49262166116387,5.15282121137716,7.77838176814839,9.31741218315437,11.9171896611806,14.4796779286116,27.492212888319,36.8478381785098,NA,NA,NA,5.57841751161542,4.1647534655432,3.93277551850349,2.61019675821697,5.00415824471942,5.11288338050412,3.80603658236509,NA,NA,NA
"Set131",7,0,0.0625,25.2864251590953,53.2083859981041,38.7811382585077,34.6826970598604,74.2859497204844,52.5571214920497,47.5151513374513,NA,NA,NA,1.43776257429272,9.17763972305693,12.7749780425802,15.0947760022245,23.1067529914435,31.4301475696266,33.9422906714026,38.8598288409412,NA,NA,NA,5.1129342966846,3.82651144905932,4.11648542925196,7.79082555809552,4.84830838745574,3.99424987993774,2.86671441728318,NA,NA,NA
"Set132",7,0,0.0625,60.1601686633381,54.3186357877627,49.0186151886199,24.7305467945074,52.1411404142064,40.1604382513712,87.8731319482028,NA,NA,NA,4.54310435894877,5.20387810072862,6.00480601890013,11.3357018260285,15.4056632902939,29.4658357126173,33.6339645390399,39.13214117405,NA,NA,NA,3.38457449129666,2.41644870827568,5.14724817775069,5.54708121174789,3.78869624033339,1.60859253604804,2.80384223974325,NA,NA,NA
"Set133",7,0,0.0625,27.3629559700061,65.058998096833,77.1202344806853,45.2047907994647,73.8822524620596,67.5190290899063,33.0939265588584,NA,NA,NA,2.81202477216721,5.07315950468183,7.07203871686943,10.880511055002,10.9936843556352,14.4215087161865,29.370536172064,37.1707254322246,NA,NA,NA,5.47909991092162,3.64309095050294,1.16014435653959,2.61938287242372,5.91617215755556,3.75851292706883,4.78326063873897,NA,NA,NA
"Set134",7,0,0.0625,64.9995123638265,65.8997131482317,45.0162786363193,37.9347057519858,31.3969694554152,76.5667465912188,29.9935701487429,NA,NA,NA,1.89695525169373,7.9605844442267,13.8914237229619,16.5997963689733,17.8248203161638,31.9134998728987,36.3339208962861,36.4721309673041,NA,NA,NA,5.88681992912143,4.07847616743163,3.19131966352178,5.54400249634445,3.36274867649703,3.32049595751169,4.69195060032092,NA,NA,NA
"Set135",7,0,0.0625,31.4909447161461,41.5040468504406,30.682895528138,38.7980945660181,63.5969687416047,66.2929013755328,69.8806572168257,NA,NA,NA,4.06543878186494,5.37674068473279,8.62423203536309,10.2376418060157,21.3365271221846,21.6922746796627,27.7997938613407,32.3535915371031,NA,NA,NA,2.7972537989025,2.88652286598704,5.98662877414678,3.78445528216055,5.73787212357305,2.45477646356807,3.06585861547014,NA,NA,NA
"Set136",7,0,0.0625,25.8415313104021,72.1292684659433,34.2638772432857,38.9020024769241,24.5605547691661,49.978440257199,43.6027989694067,NA,NA,NA,4.16833448503166,16.2453950708732,19.8443082475569,20.6150336493738,30.4802489827853,33.5272065387107,35.3836187836714,36.4800585480407,NA,NA,NA,4.11122912260465,3.88652002793704,3.66867604150886,2.87741697022206,1.95699908134782,5.41156155126315,3.16019409471104,NA,NA,NA
"Set137",7,0,0.0625,41.5951166025184,60.0330898965529,88.8559849440528,25.1007969548256,34.0843709185278,20.9306681176213,32.1168750719658,NA,NA,NA,2.3318281788379,6.27756250090897,7.4362819432281,10.1047962694429,13.8127192959655,21.7109168565366,26.4957946853247,36.3682875561062,NA,NA,NA,4.17902443864843,2.94165986846323,2.39938277670366,5.59984312454636,2.51326165770245,2.65122316730769,8.1432264935758,NA,NA,NA
"Set138",7,0,0.0625,37.4990996024664,20.4560925994372,36.4543759117757,72.2452654436825,60.8005232734007,84.0354251900327,39.2468331965426,NA,NA,NA,4.53419334255159,19.7917726438027,21.9367569684982,23.948550154455,25.8771402423736,28.0885584303178,34.4070469215512,34.9672949570231,NA,NA,NA,3.44881731968474,3.09808892244751,2.22068232460884,5.25843766330977,6.65339047068112,3.00506960293252,3.91014677617467,NA,NA,NA
"Set139",7,0,0.0625,27.8841599305558,37.0519551045636,69.7619327042502,42.3293131812885,32.6995149011744,50.6596698601228,41.8612707552018,NA,NA,NA,2.29345869459212,13.8452091673389,16.8151049537119,19.2975257639773,30.5222585843876,30.9222675848287,31.7145900579635,34.2282001231797,NA,NA,NA,1.42332124439576,2.81525923252835,6.70754712405384,2.03119698307985,8.42722262157059,4.36182532381776,3.45468268126642,NA,NA,NA
"Set140",7,0,0.0625,62.8792711135062,47.9769417722203,31.9103319042785,55.478466887189,38.2653945365569,61.5289024111439,63.4662570995728,NA,NA,NA,3.62136438861489,6.96989414282143,7.57561084930785,15.6094634940382,21.4694076834712,29.129069064511,29.4363943196367,33.7288029724732,NA,NA,NA,2.368921517553,5.31127644571418,4.78381671087876,4.21947172884723,4.38376424388699,4.14945536475586,4.68110964054923,NA,NA,NA
"Set141",8,0,0.0625,29.0756528420049,46.5929324420781,80.7950258312736,28.2713701282473,45.5657275059074,79.7206597918021,22.9677353391838,42.4253347054264,NA,NA,1.53038916829973,17.3508559237234,22.0849982707296,22.8018872486427,24.960435036337,30.5623316322453,30.8062838565093,36.2680399068631,38.1676180823706,NA,NA,1.59211072858233,4.78208049958353,2.08438927368771,4.96842844110529,1.40510454633945,2.15594388453577,3.09974397577112,6.82467553133138,NA,NA
"Set142",8,0,0.0625,36.4886424293515,26.4384209079004,34.3829926862987,71.5734307685632,23.5399441175379,55.3009295277409,26.6611528401428,41.0844188122765,NA,NA,4.87974090501666,15.0078057183418,25.8225941727869,27.1622416295577,28.8481071835849,30.6342709355522,31.0720389487687,36.1848199076485,37.1894241473638,NA,NA,2.25511240798293,4.14420496157393,2.92647896941246,6.80552189590548,5.7496097513356,2.46731001494204,3.78750589722203,7.218907191041,NA,NA
"Set143",8,0,0.0625,44.8775828338146,34.4971932984152,50.7038236734779,57.7237958895326,23.8890998890065,55.6245238215769,39.7159538453034,68.0650728902605,NA,NA,3.3193900231272,11.937445346266,18.2155538303778,22.9896456445567,32.5632321485318,34.96615979122,36.3381606142502,36.7704595648684,39.8412360041402,NA,NA,5.49300477989924,5.70894160252767,4.6744656662401,2.68578257688644,5.44493192266501,5.25971892547592,3.54743529134844,2.56623697232005,NA,NA
"Set144",8,0,0.0625,55.7359178209539,34.1477054149664,54.3203519013095,67.1740810915212,24.6782801875673,73.8499085021979,34.1022260500096,29.1322309510954,NA,NA,4.50027811154723,9.75973514490761,18.9442565676291,19.0852599288337,20.8975630940404,23.0825856537558,25.3117066749837,32.3333022696897,38.9814196689986,NA,NA,4.67664838148402,4.08300439897524,4.34535285602533,4.06600392336781,4.83063579370643,2.09496668625347,4.46382800092254,4.53316616076095,NA,NA
"Set145",8,0,0.0625,80.3446266235224,51.2365120201507,37.3650587100164,55.3003826169292,56.1673806111907,27.0040446183673,44.7007405050992,72.1525905119726,NA,NA,4.20306795369834,10.0443684437778,21.6719573142473,22.3184267664328,22.8629352105781,28.9165025856346,34.2664144246373,35.1154194097035,37.5257471925579,NA,NA,4.22526877831973,2.80313317290829,4.66196503662222,5.40935040471756,2.30692858383861,4.30626783683204,6.78702070640194,3.81465982968761,NA,NA
"Set146",8,0,0.0625,29.7193128744916,30.443571053329,35.5910797972766,48.7735417217927,43.9507128575447,33.964673997222,43.0627066829953,53.0419573614153,NA,NA,4.13605867233127,17.1203247166704,19.8108879884239,21.4444408728741,25.1752049592324,30.9271690889727,34.3356067896821,34.5031411841046,36.3751104241237,NA,NA,3.69091941134123,2.18904993873783,3.54553547693643,3.29636705549469,4.66414501087977,1.91138555717251,4.42478986295865,5.54693752587094,NA,NA
"Set147",8,0,0.0625,55.5050893582112,29.3880954509379,82.847990748595,32.9651258489884,33.5758809801139,61.5711784735346,70.7518431353976,39.4578386691568,NA,NA,4.63628747221082,10.051978463307,12.4957722052932,20.9617217688356,21.9017030240502,26.2400536949281,30.1422339212149,30.9201389411464,34.8586516687647,NA,NA,3.55283327218097,5.9158439462474,4.19332200827967,3.58590758061121,2.96415567943394,5.10393610710625,6.38247478729381,5.25248427029606,NA,NA
"Set148",8,0,0.0625,41.0966184364994,24.4650098768361,55.7347821547027,48.8502564391495,72.0726781326771,21.0265056753052,54.6657243733831,40.2723074855374,NA,NA,2.01781559828669,10.7738954760134,14.951067189686,17.2220195678528,17.7367772150319,18.8562658405863,26.5226633101702,30.9695453743916,31.4990899781696,NA,NA,2.05640468632896,6.11592786869718,4.14931179496037,4.38682375715701,4.25540344806553,4.99326139773836,4.57199452091726,5.68891639820755,NA,NA
"Set149",8,0,0.0625,35.8807732211213,51.8159819893468,29.2852963098735,39.5703885238924,45.4246900164899,37.1737596620537,43.1194843407752,60.7675309263485,NA,NA,3.13654948119074,5.43496307800524,6.36876707547344,10.5558093858417,15.5103081383277,28.5794786713086,31.530621771235,31.6389742842875,39.2198711959645,NA,NA,4.20241347761232,3.42882909486938,4.55935297214593,2.4822094369481,5.53578840021881,3.36387776428403,4.58322719967,3.5929211581167,NA,NA
"Set150",8,0,0.0625,37.6680061192317,42.0450517964894,36.2543005468173,44.9884294148442,52.4738456949205,21.2895812864721,70.6515335945778,39.5121361952465,NA,NA,1.28025636263192,7.82886041561142,8.65017118514515,10.493588373065,14.1893849358894,14.6416248299647,30.5128446128219,30.983664294472,39.7448125679512,NA,NA,6.67218151176361,5.95969539511878,2.96981319649132,4.4218344663713,2.84941113897568,3.25667539330406,3.2472279374596,4.10012690458106,NA,NA
"Set151",8,0,0.0625,31.2015561724133,66.8813282318329,49.7999794626415,66.2201144315361,33.5250582314059,57.7485686430017,48.7831361289105,27.4774652410293,NA,NA,2.13794152997434,9.40998808364384,9.99199237441644,13.0311069777235,16.5182076918427,32.510113454191,36.4666223980021,38.6369631404523,39.0133365872316,NA,NA,2.52459996027128,6.77127135949782,2.45870854775205,4.14701477697861,2.58782259357606,1.23379012983973,2.85716095727515,4.13783049624782,NA,NA
"Set152",8,0,0.0625,36.4459353775198,35.7102442667266,50.1040662976766,34.8513339750263,47.4375113812376,56.8177857560614,48.2844872478422,21.4591271860708,NA,NA,3.28572642896324,6.75638212705962,11.1574263917282,15.8274230535608,16.0445781529415,21.2761020998005,27.9226528236177,34.6573331346735,35.8985546999611,NA,NA,2.2388187259189,1.88420180771354,5.34922523674587,4.38514133561667,2.73200264399336,4.07508584710674,4.00457958152295,5.70097317896642,NA,NA
"Set153",8,0,0.0625,35.3838056058157,42.0046537700089,41.2503231555102,46.0869186315581,53.6505421020605,40.7577992392283,63.613734942382,53.0893544180082,NA,NA,3.10235815588385,13.0964373098686,16.3829882571008,25.7197531627025,26.8219616473652,31.9891860627104,32.9516258276999,35.0097383093089,36.3485451729503,NA,NA,4.44827111831003,2.546532117415,1.96442047927649,2.85420439835698,4.21998602071546,1.56497004393385,5.62810613420182,2.43205560995837,NA,NA
"Set154",8,0,0.0625,20.8645022922763,84.9927424583574,44.0447533874614,43.0624907515578,38.692672463578,28.0623529135387,37.3585924782412,75.2203668414897,NA,NA,4.22275208123028,5.25762908975594,7.18494806904346,8.51421335479245,10.537965312833,17.0707640296314,24.0327351097949,30.587653326802,33.7613834941294,NA,NA,5.86914533784505,4.04630407795821,5.56593098889869,4.46322529670061,5.73828355806917,4.27420790804299,3.24938023748392,7.85626930852634,NA,NA
"Set155",8,0,0.0625,44.2040464964336,35.5491662811579,23.9111319997497,57.5078977268812,31.3856207846948,23.9053357177471,88.6449206488828,27.6094587354956,NA,NA,2.2630857611075,10.4934264346957,13.5023561888374,14.4138698326424,16.3667005347088,29.6383378468454,31.0154689429328,32.8123063582461,35.2250566484872,NA,NA,5.02551006244803,2.336445882644,3.27251941709914,3.89914929025301,3.11529264419642,4.00268825923334,2.21008207035453,6.19857575693313,NA,NA
"Set156",8,0,0.0625,26.7537933585519,65.1163439988055,44.5421848053949,28.6366531379525,46.100929087859,28.9060424569123,36.6026211720716,58.351697223366,NA,NA,3.11324533633888,9.43026094697416,16.855718154693,24.498049041722,26.0290220449679,27.294057571562,27.8651686711237,29.7759476082865,39.80957939988,NA,NA,4.96505590816786,1.72483465661855,2.18618826178825,1.79391345015814,3.56271851058341,4.76661326238497,4.03273354497975,5.06433687496929,NA,NA
"Set157",8,0,0.0625,24.8359764641717,49.5103928981528,32.1297762532436,38.1288068055983,39.4150494555202,49.0326108393731,62.8776906689858,34.5705571811786,NA,NA,2.15568966139108,9.10890308674425,9.53780836425722,11.2993201857898,12.1456075285096,14.1973165748641,16.3753964263014,28.2018768822309,30.1824789959937,NA,NA,4.31411575497028,4.97936662347105,3.18246225934344,2.87561880326128,1.36693141436302,3.9157695863566,2.72482207549757,4.53726426467685,NA,NA
"Set158",8,0,0.0625,46.5514447714397,68.314905318831,55.740175137509,29.839612662891,61.5011045900442,47.599797333997,62.9150291713868,43.3087014819957,NA,NA,1.17788507323712,5.34238385269418,5.90358968940563,6.50635072728619,11.254881019704,22.801385599887,24.4516064587515,30.8816725970246,34.9380394932814,NA,NA,5.86592671489356,7.95460641355475,6.17827658853782,2.63991684465629,5.0771848213947,5.74232928440447,2.71297800189214,3.22045268065417,NA,NA
"Set159",8,0,0.0625,44.1716497920234,37.3009378283662,31.3614296138057,34.7920490503061,46.2798252539717,37.8742921488354,42.3100108122062,40.8969918192718,NA,NA,4.41137876361609,6.48592471028678,9.94159209658392,13.8034029991832,17.042008372955,18.1746673665475,22.7186225680634,24.3043366644997,36.2859740841668,NA,NA,4.783224942591,2.57625304832199,3.6390196854794,4.54098605357428,3.38390616288772,5.65776377084559,3.53199642091368,2.79338527440367,NA,NA
"Set160",8,0,0.0625,30.4973635929415,55.288943850618,49.8261055405931,36.5384589052877,49.5784887852124,77.8177734368743,52.3522011593415,75.3153434082285,NA,NA,4.85793657787144,6.14215028355829,6.65223588817753,7.35205025295727,22.9375227098353,28.0218156927731,30.4655995254871,36.0244823910762,36.3876238220837,NA,NA,3.61562918001524,4.99721590238599,5.93543118624341,2.69007714183517,4.55744865578294,2.94848489166526,3.65495664272151,4.77889925463366,NA,NA
"Set161",9,0,0.0625,47.2495967027703,40.5636997624905,71.2311333524555,46.5014980269922,61.4188868900896,43.4324696086923,91.2321157505162,53.6485957442965,28.8379871973742,NA,3.17624471709132,6.85327042709105,9.99387969146483,10.9349661727902,12.2584813018329,19.2530308663845,21.3474129058886,33.4696534206159,33.9348288427573,34.9242583604064,NA,3.33689069513098,3.91315502974877,3.11544133102032,3.51109228156114,4.76919242272698,2.52054587421666,4.62428376959558,4.16611117087803,3.88421414977195,NA
"Set162",9,0,0.0625,86.0916977081887,62.1652666743484,68.9954993731732,93.9546194253504,45.3275068058796,27.2675127381618,38.9345793421272,37.8702892454369,47.0058118970363,NA,2.80345586687326,5.09210744290613,7.02896712813526,12.027231346583,16.8161671690177,19.1347002459224,22.2069958515931,23.3122457575519,27.72646582569,32.7056957909372,NA,3.64713131971719,3.85654709824573,3.04419596071188,2.54367586597921,3.45713493193621,5.23696736943007,1.55140212418859,2.78603318347699,4.2895580593045,NA
"Set163",9,0,0.0625,75.9159360009458,42.7201141491148,36.3933775380832,23.8756652529135,64.125402779545,35.9365998049494,29.5821824700577,22.2651844413957,43.3127248791578,NA,3.69102217908949,20.7648878893815,22.5822265865281,23.263042619219,23.5319887904916,27.3121712566353,28.196505975211,28.3625830383971,33.8099639944267,34.7259512671735,NA,7.75327318556257,3.89915725634009,3.23964416531304,5.25209574417554,2.57369855149389,2.167559510215,3.59913208132796,4.03553075228506,5.51873451271972,NA
"Set164",9,0,0.0625,37.9665854840952,30.1139166077275,40.2078077240494,43.2672280641447,57.8015506584434,39.1477235593502,63.5923561657674,68.3225220833771,41.3137049546506,NA,4.47786556649953,5.88885239325464,11.7424657801166,18.8177958619781,21.4399150572717,29.6729385643266,29.9791167641524,31.654685321264,36.1493466934189,39.1125306347385,NA,4.51090901370101,2.59516549752095,3.95240512631547,3.32414140258418,5.25848972156186,2.04890923803858,2.91621701723136,4.0348752029718,5.31852155591216,NA
"Set165",9,0,0.0625,28.6947437473775,61.1407718734675,56.7271666223324,38.2311229380138,67.436488871803,45.8410144605258,27.0585384615215,41.4035804056895,36.5273578723608,NA,3.10570276807994,6.21940007666126,6.23652449692599,23.2836055161897,24.2562019673642,24.5601911714766,24.9902616522741,27.5052870321088,38.0678365356289,39.6164904756006,NA,4.0907317655503,3.20794004566314,2.61347514995123,4.93172181394292,2.53483823949239,3.97388058733217,6.63860073164397,3.6124146954215,3.55442661085591,NA
"Set166",9,0,0.0625,44.1448784690911,46.6386406343509,64.3709916457404,31.977146192601,46.3008967286032,28.7200236044892,60.4860260884673,32.3674968133732,62.5750558792481,NA,3.05653386004269,10.5988021893427,13.190104868263,19.2754976230208,20.142755479319,23.2768652879167,29.1646769258659,29.8042817786336,37.236380407121,38.2251525309402,NA,3.86819490732341,5.10137159578409,5.28732282282431,2.22242661275215,6.45795088120602,4.45023066961934,1.19560719355621,3.67421156398468,6.02852441222195,NA
"Set167",9,0,0.0625,38.1808133736814,30.3088383310822,37.388315872053,21.6525952241182,80.7194489180669,25.4328060426434,43.5632122248691,29.5687174441713,37.9582929410533,NA,4.77267570514232,5.46416793600656,8.11827035853639,9.6387008333113,11.4910971990321,11.6927776578814,14.8529451852664,22.7168467792217,25.5324838089291,39.3728552584071,NA,1.51241740073685,2.8799089644378,3.48094751165205,6.10547281918332,4.27053798190592,4.34943982757037,3.86154467764449,4.88088983637178,3.19351458079241,NA
"Set168",9,0,0.0625,47.6379078749999,69.0062574221279,53.4259338981741,37.5054260896758,77.3020859439154,58.0104434656575,25.7354055139375,56.9196750022178,44.0313552063341,NA,1.24288072343916,11.2729808350559,13.8156888261437,19.9271458678413,26.0032955615316,27.0817224448547,27.7502370940056,28.230674531078,29.8971378523856,38.5674077097792,NA,3.03476961254204,7.62057733038524,3.75231855409807,4.35978623061694,9.04948013966619,3.53507140663747,5.11367637373778,2.37184369903912,5.63981997966144,NA
"Set169",9,0,0.0625,29.9587093992642,86.3895867474674,34.4079139870137,34.2494402152959,29.9206918974538,57.0457613684827,50.7765306057064,28.9256229440352,48.3257428352807,NA,2.38916785954903,8.58881024068171,11.1937274304708,16.9972733183261,19.6805614478658,20.9558505446004,24.5927098464555,25.9692093621451,28.2160690709476,39.3789596796789,NA,4.77312583383173,5.96785041876137,5.48889473360032,5.80369983473793,2.49146996578202,6.81484900973737,4.46387036563829,3.64005130063742,3.4914263621904,NA
"Set170",9,0,0.0625,56.7302267660342,43.3214590250329,70.3701907424185,27.0663254487019,60.1492970400106,40.3533481065771,25.887261555686,36.5804469241661,60.0158469760142,NA,3.19064979627728,8.97142659523524,12.608641871484,13.3916104724631,16.8009635910857,24.6018704259768,27.294262618525,28.6844097718131,28.9077474747319,36.1325036035851,NA,5.73909535971125,3.32739792708929,4.9063244802942,3.75506553127511,2.87373826936971,4.63314409156265,1.43293580777355,4.0036625660693,4.06100792706362,NA
"Set171",9,0,0.0625,36.6697218672648,33.4473767087118,26.7439746370301,37.143573399041,55.7717044586861,39.560437136109,28.864832512022,74.4318350299062,36.1236216853893,NA,3.11130474414676,9.41864336840808,12.76860857266,13.3936377416831,14.3308607803192,19.0913140377961,23.3066497324035,23.3234505367,25.0716376956552,34.100288792979,NA,4.46832075636437,3.47559702277076,2.09595147437998,3.95156739623125,3.10562473299034,4.85039201176401,5.38479813342071,5.40805896112424,5.43959256432568,NA
"Set172",9,0,0.0625,75.6175085647874,55.8637648159175,33.4793780384332,53.4957884582896,59.3116388398765,71.6316870124964,78.4639843039601,31.0043325290397,59.9392935698199,NA,4.73752585146576,10.0550248962827,11.8637181445956,16.7604708008002,17.6113547501154,18.4459909971338,18.912102576578,29.4105205580126,37.4490271951072,39.5296658482403,NA,3.68313346390188,7.45605138721626,3.72751905148916,3.42868545194732,2.51408305029248,4.05803731109217,2.92193460871456,3.06072176976644,2.67936299881966,NA
"Set173",9,0,0.0625,52.7021279031403,43.6539722467282,41.1881657378429,20.660580790374,58.9193087285201,25.6491677464969,68.3455463978794,68.3922666729673,22.1924954687413,NA,2.66036446578801,5.02412935486063,9.62371019879356,12.7477134461515,18.0181618453935,22.2036118106917,25.9011263772845,37.3640832840465,39.7130334179383,39.9421899253502,NA,4.62110539280901,5.89227425001078,2.98311550933396,2.40752233275493,3.32932891452901,3.77556694154552,5.5383375345186,3.3391977740118,3.21756327671297,NA
"Set174",9,0,0.0625,20.2245317691165,44.8457394614449,36.7529767497099,68.5587077635462,35.858336872385,42.0700272777321,32.4231758191139,49.4062529654321,74.4740097778113,NA,3.36757447384298,7.32219764147885,9.97524101869203,13.1589381291997,25.7259894441813,30.9638074412942,32.0900285698008,32.4824107228778,35.6867674028035,36.9434532837477,NA,5.28391212287305,5.23034425742111,3.94563660871321,3.55136505433373,3.36978395726976,3.13064091679941,3.10496402532816,2.33781581394661,4.43464156761273,NA
"Set175",9,0,0.0625,47.7865411441812,52.0257018658305,63.0368926077398,54.6917314582882,20.5382082819347,31.9198862664524,44.9638012353229,37.654052090476,54.6265059386439,NA,3.81173369288445,6.60274520982057,9.67388840625063,9.67510736896656,10.6747744849417,14.9370041314978,18.1652074016165,24.3271058658138,29.9616806418635,34.303085837746,NA,5.46961456058743,2.90942673189733,4.83261722293323,3.23964179891953,3.91464574128271,3.25668133023477,2.52774290619757,5.75207216239866,2.68837606553557,NA
"Set176",9,0,0.0625,40.4731277237611,25.0600821796912,20.0243620077461,20.7136346113199,63.0662668804348,39.7555598193066,53.6660146977272,70.9516117538733,34.7981264308386,NA,1.25056317169219,7.74408660829067,8.82276858203113,15.1324530679267,20.5986414966173,31.1831714282744,33.796147062676,35.770410298137,38.1588678364642,39.7764659533277,NA,5.91740180021818,3.13448969171265,2.64196667456071,3.30545483499483,5.18741974989576,5.05895648240403,3.20621496862478,2.73998008939653,3.22955934395318,NA
"Set177",9,0,0.0625,53.9452491342291,52.2856276994427,59.9744529305241,56.7516039800435,47.4784823960392,36.6935732015777,63.5542422094706,45.6725774148476,58.8042217605182,NA,1.28448609821498,5.82440149271861,13.2492565328721,15.014382598456,27.8509042819496,31.6517285769805,31.6684867616277,32.2602007212117,34.1331839666236,36.0473248932976,NA,4.83482768309029,1.90651657087713,3.53264261080463,4.45809800105628,1.81609413076588,3.2642571437652,4.84223394901955,3.29420124109342,4.21554808664383,NA
"Set178",9,0,0.0625,60.0003671991518,76.6219967649967,27.9061766616006,37.7330466485552,30.6409424611017,36.7995617050208,49.4045621266178,60.1055413275742,24.8758778900041,NA,1.28188781999052,10.2188652509358,12.122238164302,14.2178372351918,22.6889242348261,23.5484146722592,26.9305191910826,30.2163270895835,35.6572462955955,39.4266661594156,NA,4.16415946271985,3.00708951872014,1.47738723678912,2.67279428798724,2.16964582933512,1.96592399561054,5.02993277923865,4.54498514163789,3.77897893712879,NA
"Set179",9,0,0.0625,65.9610025735462,60.4332942810091,28.6705590335654,20.7767504777971,34.0525076609408,55.2095489436534,26.3863366935395,67.8357511328041,62.6593048201616,NA,2.56807940732688,8.55997345293872,9.30851089418866,12.2557717596646,14.8372106300667,16.9076486246195,20.2756648964714,29.6754762262572,35.662804916501,39.031056802487,NA,4.07579495777195,2.65866393313228,4.37954785901814,4.05856043522633,2.82147806772977,4.82664895265025,3.01747849847642,2.83716126667667,4.5395156814786,NA
"Set180",9,0,0.0625,38.3730878837871,48.6976534829986,24.4129431787938,60.3585247570854,25.84070867944,66.8081742972418,74.1158724400097,76.7352555851403,33.1093811033393,NA,1.34993730578572,6.5457597724162,7.56459455820732,13.8235597219318,15.2278552378993,28.3561583340634,28.6617551953532,33.5380182473455,36.522289266577,38.6732697521802,NA,2.78263798576328,3.19443323371131,4.08433044099316,4.2445291317584,3.99543690109209,1.47535965502084,4.95915860253818,7.15952090150665,4.03010870039149,NA
"Set181",10,0,0.0625,34.7523759560535,23.9586367811903,50.4272720640311,29.7934072794632,45.9938304621532,45.9671732873577,54.817858737732,31.8523085923049,28.6434803055798,43.3806630780653,2.84549498558044,7.06818740814924,13.9876208920032,14.1472635208629,19.7790887916926,22.5345692946576,25.7126498199068,26.7753436882049,28.4381871100049,31.9652976840734,36.328775449656,2.23461625643209,4.09850444331495,4.29318838236797,3.08793311570195,1.96839683212434,4.90063540253972,7.42431515184897,4.66322937318417,2.63558554469849,2.84989654367502
"Set182",10,0,0.0625,59.536170385365,33.9502218814775,42.6787493958207,60.0254618767575,72.5029661867823,20.6724430809795,37.4859843455704,38.119716685652,102.497264071988,38.7637403654302,1.8463882971555,12.75776896975,18.3055032847915,19.3835981178563,20.4620447626803,21.54829405481,23.7831605796237,29.9755830410868,32.0980613061693,33.3116886939388,33.8141114648897,2.53814261019079,4.54159080813828,4.39831989682832,6.31774184085197,2.01994241384434,3.53626627737969,4.69979530446293,3.89214351983244,4.99491615433345,3.17768945479032
"Set183",10,0,0.0625,70.1178725758851,54.7934923238747,51.2108130573816,58.4149971511446,24.4719040833208,30.1989662669374,54.4737550820993,70.8858672724964,42.3746461382217,24.5009999947473,3.04802006855607,7.37785249017179,12.6198190497234,16.1097155231982,17.9842331411783,22.2484273905866,27.9490130196791,34.805973659968,36.1289251421113,38.5309170838445,39.9473894899711,6.66012050690517,3.21280121050375,1.79729222579717,3.11408878061097,7.92520003773286,4.29191725640202,4.54439739281727,5.6962543309859,2.09907414773315,3.14023093009726
"Set184",10,0,0.0625,33.2922414413189,47.7079520588684,59.3175174662408,30.981279393829,55.2974569722354,39.2984539358038,39.3766025096248,25.2500580660281,60.8130646470468,70.3652074345494,2.55439115874469,16.2669085734524,18.5783438407816,23.638852215372,24.4593997916672,30.2162208338268,33.6606302112341,37.1078190905973,37.9914560122415,38.5624940309208,39.5381237380207,4.35745106730865,5.69812659565319,7.89780139486528,2.74246691321948,3.21167765075588,7.06886165186959,4.27575743152439,3.95404490872442,4.690067472551,3.90870926448697
"Set185",10,0,0.0625,55.576923650868,28.0628771723815,47.0498723822008,50.9263806672937,60.0068698526223,47.9140422986983,30.7261160475699,40.3142534043552,31.9059754698571,32.1024146109455,4.11976646352559,6.05030869599432,13.5769678989891,13.6328964994755,19.4859223300591,21.943948182743,25.8483777241781,32.0412124879658,33.0993031244725,37.2336882876698,39.330806924263,4.16888627528177,2.15613023736885,4.73801271016386,6.83355646742826,3.82133172015854,3.82777705860775,3.80829728565365,4.41469051230306,1.92235008031176,3.16086633321468
"Set186",10,0,0.0625,56.0859375037727,35.7415843545833,31.9658828596612,65.7930601239936,56.3241346541692,54.9133938840252,38.5223065017256,93.8654209215269,22.7049015381912,52.9527710113407,2.44496849086136,6.99192511150613,7.15168093913235,12.0428890641779,12.2706316260155,19.0729315881617,25.4753972089384,26.8136861419771,28.1432474020403,36.4077694783919,38.1547401682474,4.16322779524815,4.4415854360679,3.84356295825617,4.73584704880144,2.79650090927508,2.74664355546532,3.01292431305378,3.63433115735373,1.70761814080408,3.84396879410234
"Set187",10,0,0.0625,42.7130700401575,31.6243007221624,23.6579471632421,52.6068211508018,62.3237407050318,37.0589996170004,65.7658100558635,24.72223501377,49.788416523079,51.687941442037,3.38746541272849,5.7381665892899,7.67511536017992,9.73408311139792,13.5292725265026,19.3763516610488,20.9382855985314,26.7950904392637,27.1650339744519,27.8289837902412,35.8262584346812,4.62350397788974,2.86793908494306,5.78437997764502,1.87593330737725,3.06704990969888,3.26397194498532,3.30329701604396,2.12218643246281,3.55473780376816,3.86157347274446
"Set188",10,0,0.0625,56.0546294726856,51.3842094136753,48.7970873537111,56.5878666257656,77.7374542572091,33.8621307406867,37.3371830078073,23.0011954479436,30.2008475719757,50.8658419930353,2.90056518930942,5.88671266683377,7.39689479465596,12.8780957707204,14.215505043976,17.5942084332928,20.5743926845025,23.2898424821906,25.1555456966162,26.9505261094309,38.1884755031206,5.27189656218574,2.8114165480384,7.20131950180327,4.12965097113302,1.74726813307547,4.45565390047356,2.58313118617808,6.27140643263024,6.17955792821106,5.03194551129209
"Set189",10,0,0.0625,50.2753594087808,60.3165280172944,68.2366681231106,72.4031163953033,47.7495478231964,23.8588591659866,30.1975824429851,76.7442932149943,59.3567806048157,32.0744136129577,3.36395015195012,10.183018532116,14.8869487224147,23.429739883868,24.0087369957473,24.0486862347461,25.9932892175857,28.5051032353658,29.996915430529,31.3135775562841,32.1767671918496,3.05389898646176,3.7451261659045,5.27087131682912,4.73709529736438,4.22405097713792,4.76665797260956,6.376080363288,3.59106715128399,3.92065937329226,2.88335091919276
"Set190",10,0,0.0625,43.6020929976805,62.0877745191685,33.1731934668055,57.2491064137803,50.6753066985691,37.8047951743542,25.7493791186356,26.3712255441879,40.4649737822762,31.1875772157469,3.55783246923238,7.65294425189495,18.7381048838142,19.4065747049171,20.9186183742713,21.2985201901756,21.8109769548755,23.9738972904161,27.8602313192096,32.3803387000225,34.901935858652,4.54018555051477,5.57463987888715,1.64496578086997,2.57081087341872,4.34397586185532,4.25739332767368,4.17145721382964,4.52175814794431,3.45622093140624,4.62905161432741
"Set191",10,0,0.0625,41.2344202998924,28.6154137268079,47.1909321405922,43.1586125605613,52.9872982622383,32.1124309402072,64.4500829199259,70.5071277653563,65.7091361551851,36.8614231673997,2.21443884633482,10.5044900882058,14.5240841072518,16.0531214694493,18.5801847977564,18.7092573055997,20.1204712048639,22.4009766674135,22.5107645743992,24.3757760955486,27.7581233752426,3.76185503171213,5.6261658307393,2.41141758088733,4.73874187553036,4.65286357836466,1.82339772383963,3.91913116899826,3.55474579463265,3.6467096018845,8.58763345202395
"Set192",10,0,0.0625,33.8058461001492,39.4072502500232,45.7037856267149,54.8581234115924,55.9710471322917,20.1457632038154,39.9577557346828,24.6656734103591,56.6919958386104,20.9948521004105,1.51249154470861,5.54438927210867,7.22493639099412,12.2437557158992,15.6942575029097,20.6492792710196,23.7594474467915,25.2063352882396,29.9469612818211,33.6017756536603,38.0148044740781,4.91162907215471,1.63941359418188,5.26142826648925,5.4027491280759,5.82433407406106,4.30302808182298,2.17704259179215,4.78445718689205,2.67586807878041,3.85418832868248
"Set193",10,0,0.0625,52.8945780058382,58.5777889652153,32.2215127262424,40.182723473064,86.7806854367524,37.3029575464329,33.1933702832191,23.9961720907687,41.4311235665744,33.5489380583939,1.29806928429753,5.24187739705667,9.27114478894509,17.7424048259854,18.796823596349,27.5228501413949,29.5880175032653,31.6006073181052,34.3791183386929,36.21622846229,37.8494793176651,4.87121226786406,2.99580782093314,4.68532375019239,4.60494463823419,2.90551490111826,2.45716427408823,5.40976005798607,6.83992126099476,3.59998842081287,5.39965882353383
"Set194",10,0,0.0625,37.0346704053065,23.2622985489025,40.7639848981713,29.2522736059375,45.449447991973,45.88234747691,30.845421214972,25.3628006066244,56.0392429055668,38.5110025256194,2.60386703722179,8.54061131365597,15.3555937099736,23.4031097579282,24.5096265268512,25.806978137698,28.0585597467143,29.278517048806,30.0741851318162,36.6284973674919,39.0518714732025,4.58660431466457,3.42754635903652,4.45751299111747,3.18724643688,4.50460794969378,3.65467333406401,3.17816351461196,2.94023660900436,3.61552984110267,2.63621588775257
"Set195",10,0,0.0625,44.7191442303897,46.5514972901574,40.3368431617701,49.8820731349423,71.5293113753328,78.6044225554519,70.1028403501216,24.2894528476636,42.9009684794825,38.1406877555886,3.41595965903252,5.413749339059,13.2532504585106,22.8301764768548,26.3852712756488,26.4728745631874,27.2532835812308,29.9077965051401,30.8979529771022,32.7500265417621,39.4892179267481,4.48034047356122,2.27975181610987,6.44971002771862,5.64887383196418,3.07997858525424,5.35679805598549,2.96883463769742,4.77944607273162,2.88655496709515,5.11143559585867
"Set196",10,0,0.0625,57.877989930092,63.4716170718174,54.7047989721776,43.9961498116448,53.3719538207178,47.7985880564686,32.1378989182442,49.6252632994977,29.9358159081989,72.4827607066358,3.44369341433048,6.56752382637933,9.35991680831648,15.9547779406421,26.2654928828124,27.2930532717146,31.110116468044,34.580565970391,34.891726586502,35.3902166394982,35.408170716837,2.88810750819609,4.24493807266155,2.58586646248325,4.07084395076251,2.95712735644164,4.63963073006877,4.03939413177982,3.48613008773011,3.7589106026942,3.65676964575333
"Set197",10,0,0.0625,33.088333866069,27.8180125736909,37.242197425815,26.4264945091244,29.1053883346569,45.068674324575,24.3369855824969,53.4968109735522,74.588925284653,36.1173673800873,2.05359204486012,10.354816284962,11.3406154722907,11.3984322291799,13.2655396265909,24.2413804016542,28.581814293284,31.9885050528683,32.0948006992694,32.7843748580199,38.9403863099869,4.80068378302989,2.71161995412699,3.11747849729436,1.94018942922161,3.8626002173976,6.57188654690602,3.87992213837935,2.53340001150976,3.02236526452782,6.93894796543963
"Set198",10,0,0.0625,64.4069616776816,39.4747176962209,27.2002536532861,52.2654718036388,45.9227524825661,30.6437560977148,54.0939923740492,71.8244957169129,54.753983394736,49.0093812481512,4.77833136729896,12.6188127289061,17.8229751298204,18.9631380338687,19.8933260841295,19.9356166983489,20.210470816819,27.2306860156823,28.5389942745678,35.2645109698642,36.9094421924092,5.6171685801041,4.62554146996586,3.30686831004836,2.64181867200362,4.0202425573673,5.20845827103013,4.51896876699715,2.5455402297259,4.15647319209887,4.13412091921111
"Set199",10,0,0.0625,33.2135007351606,42.9607608197074,45.2960226577758,50.1731645828356,27.6907053573578,29.4499931256417,43.6557088658528,65.554547188193,37.2056070252372,33.0434688740176,1.9869420370087,10.0759759824723,10.7444339059293,13.1198421143927,15.0577820080798,15.9701062890235,17.9759476776235,26.9935946422629,33.1727397628129,35.7562495733146,39.5616432162933,5.31492749406857,5.17433018215652,2.44026924750983,3.88530406016805,2.73257882464877,5.27827195217292,2.21639346349627,5.66277672988114,4.43164956633616,3.93600336150573
"Set200",10,0,0.0625,34.1727052511806,43.3519098381043,34.5224994046499,43.7592850545807,20.7336109524702,26.3572014761718,34.2006728691945,49.1211655118678,62.9554783018758,44.37745632579,3.01815141551197,8.50945225101896,8.61817500903271,9.4212255324237,18.495830692118,19.2586025909986,22.8306607762352,23.2487766409758,30.4045187390875,36.8791972030886,37.0381042151712,3.47700591319808,4.01643076050026,2.7864519085541,6.98196075719666,6.11172855243309,3.34350396445876,6.12286136338901,3.51217113252825,2.34169707606266,6.31861092813287
